sku,product_name,slug,filename,category,short_description,description,bullets,care,alt_text
JWLD-040,Green Apple Cream Crystal Lighter,green-apple-cream-crystal-lighter,jwld-040-green-apple-cream-crystal-lighter.webp,Bejeweled Lighter,Green Apple Cream Crystal Lighter with green and cream beads with scattered yellow-green AB sparkle.,"Green Apple Cream Crystal Lighter is a hand-decorated bejeweled lighter finished with green and cream beads with scattered yellow-green AB sparkle. The look is bright, compact, and boutique, turning a basic lighter into a small accessory piece for gifting, display, or everyday carry.","Hand-applied crystal and bead finish | Compact pocket-size lighter design | One-of-one handmade style variation | Great for gifting, display, or everyday carry | Slight handmade variation may occur","Wipe gently with a soft dry cloth. Avoid soaking, dropping, or scraping the stones.","Green Apple Cream Crystal Lighter product photo for JWLD, a decorated rhinestone lighter."
JWLD-041,Honey Topaz Crystal Lighter,honey-topaz-crystal-lighter,jwld-041-honey-topaz-crystal-lighter.webp,Bejeweled Lighter,"Honey Topaz Crystal Lighter with golden honey, bronze, and smoke-toned crystals.","Honey Topaz Crystal Lighter is a hand-decorated bejeweled lighter finished with golden honey, bronze, and smoke-toned crystals. The look is bright, compact, and boutique, turning a basic lighter into a small accessory piece for gifting, display, or everyday carry.","Hand-applied crystal and bead finish | Compact pocket-size lighter design | One-of-one handmade style variation | Great for gifting, display, or everyday carry | Slight handmade variation may occur","Wipe gently with a soft dry cloth. Avoid soaking, dropping, or scraping the stones.","Honey Topaz Crystal Lighter product photo for JWLD, a decorated rhinestone lighter."
JWLD-042,Pastel Rainbow Stripe Crystal Lighter,pastel-rainbow-stripe-crystal-lighter,jwld-042-pastel-rainbow-stripe-crystal-lighter.webp,Bejeweled Lighter,Pastel Rainbow Stripe Crystal Lighter with soft white base with diagonal pastel rainbow crystal stripes.,"Pastel Rainbow Stripe Crystal Lighter is a hand-decorated bejeweled lighter finished with soft white base with diagonal pastel rainbow crystal stripes. The look is bright, compact, and boutique, turning a basic lighter into a small accessory piece for gifting, display, or everyday carry.","Hand-applied crystal and bead finish | Compact pocket-size lighter design | One-of-one handmade style variation | Great for gifting, display, or everyday carry | Slight handmade variation may occur","Wipe gently with a soft dry cloth. Avoid soaking, dropping, or scraping the stones.","Pastel Rainbow Stripe Crystal Lighter product photo for JWLD, a decorated rhinestone lighter."
JWLD-043,Prism Rainbow Crystal Lighter,prism-rainbow-crystal-lighter,jwld-043-prism-rainbow-crystal-lighter.webp,Bejeweled Lighter,Prism Rainbow Crystal Lighter with bright rainbow diagonal crystal pattern with a high-shine finish.,"Prism Rainbow Crystal Lighter is a hand-decorated bejeweled lighter finished with bright rainbow diagonal crystal pattern with a high-shine finish. The look is bright, compact, and boutique, turning a basic lighter into a small accessory piece for gifting, display, or everyday carry.","Hand-applied crystal and bead finish | Compact pocket-size lighter design | One-of-one handmade style variation | Great for gifting, display, or everyday carry | Slight handmade variation may occur","Wipe gently with a soft dry cloth. Avoid soaking, dropping, or scraping the stones.","Prism Rainbow Crystal Lighter product photo for JWLD, a decorated rhinestone lighter."
JWLD-044,Orange Creamsicle Crystal Lighter,orange-creamsicle-crystal-lighter,jwld-044-orange-creamsicle-crystal-lighter.webp,Bejeweled Lighter,Orange Creamsicle Crystal Lighter with orange and peach crystal wrap with warm AB shine.,"Orange Creamsicle Crystal Lighter is a hand-decorated bejeweled lighter finished with orange and peach crystal wrap with warm AB shine. The look is bright, compact, and boutique, turning a basic lighter into a small accessory piece for gifting, display, or everyday carry.","Hand-applied crystal and bead finish | Compact pocket-size lighter design | One-of-one handmade style variation | Great for gifting, display, or everyday carry | Slight handmade variation may occur","Wipe gently with a soft dry cloth. Avoid soaking, dropping, or scraping the stones.","Orange Creamsicle Crystal Lighter product photo for JWLD, a decorated rhinestone lighter."
JWLD-045,Pink Charcoal Dot Crystal Lighter,pink-charcoal-dot-crystal-lighter,jwld-045-pink-charcoal-dot-crystal-lighter.webp,Bejeweled Lighter,Pink Charcoal Dot Crystal Lighter with hot pink crystal wrap with charcoal dot accents.,"Pink Charcoal Dot Crystal Lighter is a hand-decorated bejeweled lighter finished with hot pink crystal wrap with charcoal dot accents. The look is bright, compact, and boutique, turning a basic lighter into a small accessory piece for gifting, display, or everyday carry.","Hand-applied crystal and bead finish | Compact pocket-size lighter design | One-of-one handmade style variation | Great for gifting, display, or everyday carry | Slight handmade variation may occur","Wipe gently with a soft dry cloth. Avoid soaking, dropping, or scraping the stones.","Pink Charcoal Dot Crystal Lighter product photo for JWLD, a decorated rhinestone lighter."
JWLD-046,Aqua Smoke Crystal Lighter,aqua-smoke-crystal-lighter,jwld-046-aqua-smoke-crystal-lighter.webp,Bejeweled Lighter,Aqua Smoke Crystal Lighter with aqua blue crystals mixed with smoky gray accents.,"Aqua Smoke Crystal Lighter is a hand-decorated bejeweled lighter finished with aqua blue crystals mixed with smoky gray accents. The look is bright, compact, and boutique, turning a basic lighter into a small accessory piece for gifting, display, or everyday carry.","Hand-applied crystal and bead finish | Compact pocket-size lighter design | One-of-one handmade style variation | Great for gifting, display, or everyday carry | Slight handmade variation may occur","Wipe gently with a soft dry cloth. Avoid soaking, dropping, or scraping the stones.","Aqua Smoke Crystal Lighter product photo for JWLD, a decorated rhinestone lighter."
JWLD-047,Amber Confetti Crystal Lighter,amber-confetti-crystal-lighter,jwld-047-amber-confetti-crystal-lighter.webp,Bejeweled Lighter,"Amber Confetti Crystal Lighter with amber, orange, white, and smoke crystal confetti pattern.","Amber Confetti Crystal Lighter is a hand-decorated bejeweled lighter finished with amber, orange, white, and smoke crystal confetti pattern. The look is bright, compact, and boutique, turning a basic lighter into a small accessory piece for gifting, display, or everyday carry.","Hand-applied crystal and bead finish | Compact pocket-size lighter design | One-of-one handmade style variation | Great for gifting, display, or everyday carry | Slight handmade variation may occur","Wipe gently with a soft dry cloth. Avoid soaking, dropping, or scraping the stones.","Amber Confetti Crystal Lighter product photo for JWLD, a decorated rhinestone lighter."
JWLD-048,Midnight Aqua Pearl Crystal Lighter,midnight-aqua-pearl-crystal-lighter,jwld-048-midnight-aqua-pearl-crystal-lighter.webp,Bejeweled Lighter,"Midnight Aqua Pearl Crystal Lighter with black, aqua, and pearl crystal mix with a darker boutique look.","Midnight Aqua Pearl Crystal Lighter is a hand-decorated bejeweled lighter finished with black, aqua, and pearl crystal mix with a darker boutique look. The look is bright, compact, and boutique, turning a basic lighter into a small accessory piece for gifting, display, or everyday carry.","Hand-applied crystal and bead finish | Compact pocket-size lighter design | One-of-one handmade style variation | Great for gifting, display, or everyday carry | Slight handmade variation may occur","Wipe gently with a soft dry cloth. Avoid soaking, dropping, or scraping the stones.","Midnight Aqua Pearl Crystal Lighter product photo for JWLD, a decorated rhinestone lighter."
