sku,name,slug,category,collection,color,image_png,image_webp,short,description,features,tags,alt_text
JWLD-001,Honey Bee Stripe Rhinestone Lighter,honey-bee-stripe-rhinestone-lighter,Lighter,Bee Collection,"Yellow, black, silver",jwld-001-honey-bee-stripe-rhinestone-lighter.png,jwld-001-honey-bee-stripe-rhinestone-lighter.webp,A yellow rhinestone lighter with bold black bee-stripe bands and a small metallic bee charm.,This Honey Bee Stripe Rhinestone Lighter brings a bright yellow crystal wrap together with clean black horizontal striping and a small bee accent near the top. It has a playful boutique look while still feeling polished enough for the JWLD product line.,Hand-decorated rhinestone finish | Black stripe bee-inspired pattern | Metallic bee charm detail | Compact standard lighter shape | One-of-one handmade variation,"bee, yellow, black, rhinestone, lighter, giftable",Honey Bee Stripe Rhinestone Lighter product photo on a warm neutral studio background.
JWLD-002,Golden Honey Bee Rhinestone Lighter,golden-honey-bee-rhinestone-lighter,Lighter,Bee Collection,"Golden yellow, silver",jwld-002-golden-honey-bee-rhinestone-lighter.png,jwld-002-golden-honey-bee-rhinestone-lighter.webp,A golden yellow crystal lighter finished with a metallic bee charm for a clean honey-glow look.,"The Golden Honey Bee Rhinestone Lighter keeps the design simple and bright with a full yellow crystal wrap and a small bee charm placed near the top. It is bold, shiny, and easy to pair with the rest of the JWLD bee-inspired pieces.",Full yellow rhinestone coverage | Metallic bee charm accent | Glossy handmade finish | Compact everyday size | Slight handmade variation,"bee, yellow, gold, rhinestone, lighter",Golden Honey Bee Rhinestone Lighter product photo on a warm neutral studio background.
JWLD-003,Citrus Stripe Beaded Lighter,citrus-stripe-beaded-lighter,Lighter,Color Pop,"Orange, green, yellow",jwld-003-citrus-stripe-beaded-lighter.png,jwld-003-citrus-stripe-beaded-lighter.webp,"A bright orange, green, and yellow beaded lighter with stacked citrus-toned stripes.","The Citrus Stripe Beaded Lighter uses alternating bands of orange, green, and yellow beads for a fresh, candy-bright look. It is a fun statement piece for customers who want something colorful without adding text or charms.",Stacked striped bead pattern | Bright citrus-inspired palette | Smooth rounded bead texture | Compact standard lighter shape | Handmade one-off styling,"orange, green, stripe, beaded, lighter, colorful",Citrus Stripe Beaded Lighter product photo on a warm neutral studio background.
JWLD-004,Blue AB Bitch Lettered Lighter,blue-ab-bitch-lettered-lighter,Lighter,Attitude Collection,"Blue AB, black, white",jwld-004-blue-ab-bitch-lettered-lighter.png,jwld-004-blue-ab-bitch-lettered-lighter.webp,A blue AB rhinestone lighter with vertical letter beads spelling BITCH down the front.,"The Blue AB Bitch Lettered Lighter pairs electric blue aurora-style stones with bold vertical letter beads for a sharp attitude piece. It is loud, glossy, and made for customers who want their accessory to say something before they do.",Blue AB rhinestone coverage | Vertical letter bead statement | High-shine crystal finish | Compact standard lighter shape | One-of-one handmade variation,"blue, AB, lettered, attitude, rhinestone, lighter",Blue AB Bitch Lettered Lighter product photo on a warm neutral studio background.
JWLD-005,Blueberry Pop Rhinestone Lighter,blueberry-pop-rhinestone-lighter,Lighter,Color Pop,"Blue, pink, orange",jwld-005-blueberry-pop-rhinestone-lighter.png,jwld-005-blueberry-pop-rhinestone-lighter.webp,A blue crystal lighter with pink and orange accent stones for a bright candy-pop finish.,"The Blueberry Pop Rhinestone Lighter mixes cool blue stones with warm pink and orange accents for a playful, high-shine color blend. It has a clean product-card look with enough color variation to stand out in a grid.","Mixed blue, pink, and orange rhinestones | Bright candy-inspired palette | Hand-applied stonework | Compact standard lighter shape | Slight handmade variation","blue, pink, orange, rhinestone, lighter, colorful",Blueberry Pop Rhinestone Lighter product photo on a warm neutral studio background.
JWLD-006,Powder Blue Beaded Lighter,powder-blue-beaded-lighter,Lighter,Soft Solids,Powder blue,jwld-006-powder-blue-beaded-lighter.png,jwld-006-powder-blue-beaded-lighter.webp,"A clean powder blue beaded lighter with a soft, simple monochrome finish.","The Powder Blue Beaded Lighter keeps the look minimal with a full wrap of smooth light-blue beads. It is simple, clean, and easy to style with lighter-colored JWLD accessories.",Solid powder blue bead wrap | Soft monochrome look | Smooth rounded bead texture | Compact standard lighter shape | Handmade one-off styling,"blue, powder-blue, beaded, lighter, minimal",Powder Blue Beaded Lighter product photo on a warm neutral studio background.
JWLD-007,Pastel Rainbow Smile Rhinestone Lighter,pastel-rainbow-smile-rhinestone-lighter,Lighter,Happy Icons,"Pink, rainbow, silver",jwld-007-pastel-rainbow-smile-rhinestone-lighter.png,jwld-007-pastel-rainbow-smile-rhinestone-lighter.webp,"A pastel pink rhinestone lighter with rainbow tones, small smile accents, and playful sparkle.","The Pastel Rainbow Smile Rhinestone Lighter blends pink stones with rainbow accents and small decorative smile details. It reads cute, bright, and playful without losing the boutique handmade feel.",Pastel rhinestone finish | Rainbow accent stones | Small smiley-style details | Compact standard lighter shape | One-of-one handmade variation,"pastel, rainbow, pink, smiley, rhinestone, lighter",Pastel Rainbow Smile Rhinestone Lighter product photo on a warm neutral studio background.
JWLD-008,Midnight Garden Rhinestone Lighter,midnight-garden-rhinestone-lighter,Lighter,Dark Shine,"Black, multicolor",jwld-008-midnight-garden-rhinestone-lighter.png,jwld-008-midnight-garden-rhinestone-lighter.webp,A black rhinestone lighter scattered with colorful flower-like crystal accents.,The Midnight Garden Rhinestone Lighter starts with a dark crystal base and adds small multicolor floral accents across the front. It has a moodier look than the bright pieces while still giving off JWLD-level sparkle.,Black rhinestone base | Multicolor floral accent pattern | Dark boutique finish | Compact standard lighter shape | Handmade one-off styling,"black, floral, multicolor, rhinestone, lighter, dark",Midnight Garden Rhinestone Lighter product photo on a warm neutral studio background.
JWLD-009,Sunshine Daisy Rhinestone Lighter,sunshine-daisy-rhinestone-lighter,Lighter,Flower Collection,"Yellow, green, black",jwld-009-sunshine-daisy-rhinestone-lighter.png,jwld-009-sunshine-daisy-rhinestone-lighter.webp,A yellow rhinestone lighter with sunflower-style accents for a bright floral statement.,"The Sunshine Daisy Rhinestone Lighter uses a full yellow crystal wrap with stacked floral accents down the front. It is cheerful, loud, and built for customers who want a lighter that feels like a tiny accessory piece.",Yellow rhinestone coverage | Sunflower-style accent details | Bright floral look | Compact standard lighter shape | Slight handmade variation,"yellow, sunflower, daisy, floral, rhinestone, lighter",Sunshine Daisy Rhinestone Lighter product photo on a warm neutral studio background.
JWLD-010,Santa Suit Beaded Lighter,santa-suit-beaded-lighter,Lighter,Holiday Collection,"Red, white, black",jwld-010-santa-suit-beaded-lighter.png,jwld-010-santa-suit-beaded-lighter.webp,A red beaded lighter with white and black bands inspired by a classic holiday suit look.,"The Santa Suit Beaded Lighter uses a red bead wrap with crisp white and black banding for a festive holiday-inspired design. It is seasonal without being too complicated, making it easy to merchandise in gift sets.",Red bead wrap | White and black holiday-style bands | Smooth rounded bead texture | Compact standard lighter shape | Handmade one-off styling,"red, holiday, christmas, beaded, lighter, giftable",Santa Suit Beaded Lighter product photo on a warm neutral studio background.
JWLD-011,Champagne Monogram B Beaded Lighter,champagne-monogram-b-beaded-lighter,Lighter,Monogram Collection,"Champagne, ivory",jwld-011-champagne-monogram-b-beaded-lighter.png,jwld-011-champagne-monogram-b-beaded-lighter.webp,A champagne-and-ivory beaded lighter with a bold monogram-style B on the front.,"The Champagne Monogram B Beaded Lighter combines warm neutral beads with a clean front monogram detail. It gives the product line a more personalized, boutique gift feel without needing a full custom order workflow.",Champagne and ivory bead finish | Monogram-style B detail | Neutral giftable palette | Compact standard lighter shape | Slight handmade variation,"champagne, monogram, letter-b, beaded, lighter, neutral",Champagne Monogram B Beaded Lighter product photo on a warm neutral studio background.
JWLD-012,Candy Cane Stripe Beaded Lighter,candy-cane-stripe-beaded-lighter,Lighter,Holiday Collection,"Red, white, green",jwld-012-candy-cane-stripe-beaded-lighter.png,jwld-012-candy-cane-stripe-beaded-lighter.webp,"A red, white, and green striped beaded lighter with a classic candy-cane holiday feel.","The Candy Cane Stripe Beaded Lighter uses tight horizontal bands of red, white, and green beads for a clean seasonal pattern. It is an easy holiday product that reads clearly in small thumbnails.","Red, white, and green stripe pattern | Holiday-inspired beadwork | Smooth rounded bead texture | Compact standard lighter shape | Handmade one-off styling","candy-cane, holiday, stripe, beaded, lighter, green",Candy Cane Stripe Beaded Lighter product photo on a warm neutral studio background.
JWLD-013,Snowman Beaded Lighter,snowman-beaded-lighter,Lighter,Holiday Collection,"White, black, red",jwld-013-snowman-beaded-lighter.png,jwld-013-snowman-beaded-lighter.webp,A white beaded lighter with a black top band and simple snowman face-and-button details.,"The Snowman Beaded Lighter keeps the holiday theme clean with a white bead body, black top band, red nose accent, and button details down the front. It is cute, recognizable, and easy to sell as a winter gift item.",White bead wrap | Snowman face and button detail | Black top band accent | Compact standard lighter shape | Slight handmade variation,"snowman, white, holiday, winter, beaded, lighter",Snowman Beaded Lighter product photo on a warm neutral studio background.
JWLD-014,Neon Lime Beaded Lighter,neon-lime-beaded-lighter,Lighter,Soft Solids,Neon lime green,jwld-014-neon-lime-beaded-lighter.png,jwld-014-neon-lime-beaded-lighter.webp,A bright neon lime beaded lighter with a clean solid-color wrap.,The Neon Lime Beaded Lighter is a simple solid-color piece with a bright green finish that hits hard in a product grid. It works well as a basic colorway for customers who prefer bold color over extra charms.,Solid neon lime bead wrap | Bright monochrome look | Smooth rounded bead texture | Compact standard lighter shape | Handmade one-off styling,"green, lime, neon, beaded, lighter, solid",Neon Lime Beaded Lighter product photo on a warm neutral studio background.
JWLD-015,Pearl Opal Rhinestone Lighter,pearl-opal-rhinestone-lighter,Lighter,Pearl Collection,"Pearl, ivory, opal",jwld-015-pearl-opal-rhinestone-lighter.png,jwld-015-pearl-opal-rhinestone-lighter.webp,A pearl-toned rhinestone lighter with a soft opal shimmer and clean luxury finish.,"The Pearl Opal Rhinestone Lighter gives the collection a softer luxury piece with ivory, pearl, and opal-style sparkle. It is understated compared with the bright colorways but still catches light from every angle.",Pearl and opal rhinestone finish | Soft neutral colorway | Glossy handmade shine | Compact standard lighter shape | Slight handmade variation,"pearl, opal, ivory, rhinestone, lighter, neutral",Pearl Opal Rhinestone Lighter product photo on a warm neutral studio background.
JWLD-016,Black Onyx Rhinestone Lighter,black-onyx-rhinestone-lighter,Lighter,Dark Shine,"Black, gunmetal",jwld-016-black-onyx-rhinestone-lighter.png,jwld-016-black-onyx-rhinestone-lighter.webp,A dark black rhinestone lighter with a clean onyx-style crystal finish.,"The Black Onyx Rhinestone Lighter is the cleanest dark piece in the set, using black stones for a glossy, minimal look. It fits the JWLD luxury-dark aesthetic and works well as a staple colorway.",Black rhinestone coverage | Glossy onyx-style finish | Minimal dark colorway | Compact standard lighter shape | Handmade one-off styling,"black, onyx, rhinestone, lighter, dark, minimal",Black Onyx Rhinestone Lighter product photo on a warm neutral studio background.
JWLD-017,Blue Lagoon Ombre Rhinestone Lighter,blue-lagoon-ombre-rhinestone-lighter,Lighter,Ombre Collection,"Blue, turquoise",jwld-017-blue-lagoon-ombre-rhinestone-lighter.png,jwld-017-blue-lagoon-ombre-rhinestone-lighter.webp,A blue-to-turquoise rhinestone lighter with a clean ocean-style ombre fade.,"The Blue Lagoon Ombre Rhinestone Lighter fades from deeper blue into bright turquoise for a clean water-toned look. It is simple, vivid, and strong enough to carry a product image without extra charms or text.",Blue-to-turquoise ombre stones | High-shine rhinestone finish | Clean gradient colorway | Compact standard lighter shape | Slight handmade variation,"blue, turquoise, ombre, rhinestone, lighter, ocean",Blue Lagoon Ombre Rhinestone Lighter product photo on a warm neutral studio background.
JWLD-018,Black Onyx Crystal Mini Container,black-onyx-crystal-mini-container,Container,Mini Containers,Black,jwld-018-black-onyx-crystal-mini-container.png,jwld-018-black-onyx-crystal-mini-container.webp,A round black crystal mini container with a dark high-shine finish.,"The Black Onyx Crystal Mini Container gives the JWLD lineup a compact accessory piece with dark crystal coverage and a clean round shape. It is useful as a displayable mini container, gift add-on, or matching piece for the black lighter styles.",Round mini container shape | Black crystal-covered exterior | Glossy dark finish | Compact accessory size | Slight handmade variation,"black, container, mini-container, crystal, onyx, dark",Black Onyx Crystal Mini Container product photo on a warm neutral studio background.
JWLD-019,Lilac Candy Bead Mini Container,lilac-candy-bead-mini-container,Container,Mini Containers,"Lilac purple, black",jwld-019-lilac-candy-bead-mini-container.png,jwld-019-lilac-candy-bead-mini-container.webp,A round lilac beaded mini container with a soft candy-like finish and black base.,"The Lilac Candy Bead Mini Container is a soft purple accessory piece with rounded bead coverage and a clean black base. It feels playful, giftable, and visually consistent with the lighter product shots.",Round mini container shape | Lilac bead-covered exterior | Soft candy-inspired colorway | Compact accessory size | Handmade one-off styling,"lilac, purple, container, mini-container, beaded, giftable",Lilac Candy Bead Mini Container product photo on a warm neutral studio background.
JWLD-020,Sunflower Pearl Rhinestone Lighter,sunflower-pearl-rhinestone-lighter,Lighter,Flower Collection,"White, yellow, pearl",jwld-020-sunflower-pearl-rhinestone-lighter.png,jwld-020-sunflower-pearl-rhinestone-lighter.webp,A pearl-white rhinestone lighter with stacked yellow sunflower accents down the front.,"The Sunflower Pearl Rhinestone Lighter combines a soft pearl-white base with bold yellow sunflower accents. It is bright but still clean, making it one of the more gift-friendly floral designs in the group.",Pearl-white rhinestone body | Yellow sunflower accent details | Bright floral statement look | Compact standard lighter shape | Slight handmade variation,"sunflower, white, yellow, floral, rhinestone, lighter",Sunflower Pearl Rhinestone Lighter product photo on a warm neutral studio background.
JWLD-021,Ruby Red Rhinestone Lighter,ruby-red-rhinestone-lighter,Lighter,Jewel Solids,Red,jwld-021-ruby-red-rhinestone-lighter.png,jwld-021-ruby-red-rhinestone-lighter.webp,"A full ruby red rhinestone lighter with a bold, clean crystal finish.","The Ruby Red Rhinestone Lighter is a straightforward solid-color piece with full red crystal coverage. It is loud, glossy, and easy to style as a core JWLD colorway.",Full red rhinestone coverage | Bold ruby-inspired colorway | High-shine handmade finish | Compact standard lighter shape | Handmade one-off styling,"red, ruby, rhinestone, lighter, solid, bold",Ruby Red Rhinestone Lighter product photo on a warm neutral studio background.
JWLD-022,Lilac Fuck You Beaded Lighter,lilac-fuck-you-beaded-lighter,Lighter,Attitude Collection,"Lilac purple, black, white",jwld-022-lilac-fuck-you-beaded-lighter.png,jwld-022-lilac-fuck-you-beaded-lighter.webp,A lilac beaded lighter with bold letter beads spelling FUCK YOU on the front.,"The Lilac Fuck You Beaded Lighter pairs a soft purple bead wrap with an unapologetic letter-bead statement on the front. The contrast is the whole point: cute color, sharp attitude, and a handmade finish that stands out immediately.",Lilac bead wrap | Bold letter-bead statement | Soft color with explicit attitude | Compact standard lighter shape | One-of-one handmade variation,"lilac, purple, lettered, attitude, beaded, lighter",Lilac Fuck You Beaded Lighter product photo on a warm neutral studio background.
